"","Player.ID","Last.Name","First.Name","Bats","Pitches","Team","V7"
"1","adaij101","Adair","Jerry","R","R","BAL","2B"
"2","aparl101","Aparicio","Luis","R","R","BAL","SS"
"3","barbs102","Barber","Steve","L","L","BAL","P"
"4","bertf101","Bertaina","Frank","L","L","BAL","P"
"5","blaip101","Blair","Paul","R","R","BAL","OF"
"6","bowes103","Bowens","Sam","R","R","BAL","OF"
"7","branj101","Brandt","Jackie","R","R","BAL","OF"
"8","browd102","Brown","Dick","R","R","BAL","C"
"9","bunkw101","Bunker","Wally","R","R","BAL","P"
"10","cimog101","Cimoli","Gino","R","R","BAL","OF"
"11","estrc101","Estrada","Chuck","R","R","BAL","P"
"12","gainj101","Gaines","Joe","R","R","BAL","OF"
"13","greel101","Green","Lenny","L","L","BAL","OF"
"14","haddh101","Haddix","Harvey","L","L","BAL","P"
"15","halld101","Hall","Dick","R","R","BAL","P"
"16","jackl101","Jackson","Lou","L","R","BAL","OF"
"17","johnb104","Johnson","Bob","R","R","BAL","SS"
"18","jones105","Jones","Sam","R","R","BAL","P"
"19","kirkw101","Kirkland","Willie","L","R","BAL","OF"
"20","lau-c101","Lau","Charlie","L","R","BAL","C"
"21","mccom103","McCormick","Mike","L","L","BAL","P"
"22","mcnad102","McNally","Dave","R","L","BAL","P"
"23","mills101","Miller","Stu","R","R","BAL","P"
"24","orsij101","Orsino","John","R","R","BAL","C"
"25","pappm101","Pappas","Milt","R","R","BAL","P"
"26","pinil001","Piniella","Lou","R","R","BAL","PR"
"27","poweb101","Powell","Boog","L","R","BAL","OF"
"28","rober102","Roberts","Robin","B","R","BAL","P"
"29","robib104","Robinson","Brooks","R","R","BAL","3B"
"30","robie102","Robinson","Earl","R","R","BAL","OF"
"31","rowek101","Rowe","Ken","R","R","BAL","P"
"32","saveb101","Saverine","Bob","B","R","BAL","SS"
"33","siebn101","Siebern","Norm","L","R","BAL","1B"
"34","snydr102","Snyder","Russ","L","R","BAL","OF"
"35","starh101","Starrette","Herm","R","R","BAL","P"
"36","stocw101","Stock","Wes","R","R","BAL","P"
"37","vined101","Vineyard","Dave","R","R","BAL","P"
"38","brese101","Bressoud","Eddie","R","R","BOS","SS"
"39","charp101","Charton","Pete","L","R","BOS","P"
"40","clinl101","Clinton","Lou","R","R","BOS","OF"
"41","conit101","Conigliaro","Tony","R","R","BOS","OF"
"42","conne102","Connolly","Ed","L","L","BOS","P"
"43","earla101","Earley","Arnold","L","L","BOS","P"
"44","geigg101","Geiger","Gary","L","R","BOS","OF"
"45","grayd103","Gray","Dave","R","R","BOS","P"
"46","guinb103","Guindon","Bobby","L","L","BOS","1B"
"47","heffb101","Heffner","Bob","R","R","BOS","P"
"48","hortt101","Horton","Tony","R","R","BOS","OF"
"49","joned102","Jones","Dalton","L","R","BOS","2B"
"50","lamaj101","Lamabe","Jack","R","R","BOS","P"
"51","malzf101","Malzone","Frank","R","R","BOS","3B"
"52","mantf101","Mantilla","Felix","R","R","BOS","OF"
"53","mejir101","Mejias","Roman","R","R","BOS","OF"
"54","monbb101","Monbouquette","Bill","R","R","BOS","P"
"55","mored103","Morehead","Dave","R","R","BOS","P"
"56","nixor101","Nixon","Russ","L","R","BOS","C"
"57","radad101","Radatz","Dick","R","R","BOS","P"
"58","ritcj101","Ritchie","Jay","R","R","BOS","P"
"59","ryanm101","Ryan","Mike","R","R","BOS","C"
"60","schic101","Schilling","Chuck","R","R","BOS","2B"
"61","smita102","Smith","Al","R","R","BOS","3B"
"62","spanb101","Spanswick","Bill","L","L","BOS","P"
"63","stuad101","Stuart","Dick","R","R","BOS","1B"
"64","thoml103","Thomas","Lee","L","L","BOS","OF"
"65","tillb101","Tillman","Bob","R","R","BOS","C"
"66","willd104","Williams","Dick","R","R","BOS","1B"
"67","wilse102","Wilson","Earl","R","R","BOS","P"
"68","woodw103","Wood","Wilbur","R","L","BOS","P"
"69","yastc101","Yastrzemski","Carl","L","R","BOS","OF"
"70","acklf101","Ackley","Fritz","L","R","CHA","P"
"71","baumf102","Baumann","Frank","L","L","CHA","P"
"72","berrk101","Berry","Ken","R","R","CHA","OF"
"73","bufod101","Buford","Don","B","R","CHA","2B"
"74","burgs101","Burgess","Smoky","L","R","CHA","PH"
"75","buzhj101","Buzhardt","John","R","R","CHA","P"
"76","carrc104","Carreon","Cam","R","R","CHA","C"
"77","cunnj101","Cunningham","Joe","L","L","CHA","1B"
"78","fishe102","Fisher","Eddie","R","R","CHA","P"
"79","hansr102","Hansen","Ron","R","R","CHA","SS"
"80","herbr101","Herbert","Ray","R","R","CHA","P"
"81","hersm101","Hershberger","Mike","R","R","CHA","OF"
"82","hickj105","Hicks","Jim","R","R","CHA","PR"
"83","horlj101","Horlen","Joe","R","R","CHA","P"
"84","howab101","Howard","Bruce","B","R","CHA","P"
"85","kenwd102","Kenworthy","Dick","R","R","CHA","PH"
"86","kreuf101","Kreutzer","Frank","R","L","CHA","P"
"87","landj103","Landis","Jim","R","R","CHA","OF"
"88","longj101","Long","Jeoff","R","R","CHA","1B"
"89","martj107","Martin","J.C.","L","R","CHA","C"
"90","maxwc101","Maxwell","Charlie","L","L","CHA","PH"
"91","mccrt102","McCraw","Tommy","L","L","CHA","1B"
"92","mcnej101","McNertney","Jerry","R","R","CHA","C"
"93","minom101","Minoso","Minnie","R","R","CHA","OF"
"94","mossd101","Mossi","Don","L","L","CHA","P"
"95","nichd101","Nicholson","Dave","R","R","CHA","OF"
"96","peteg101","Peters","Gary","L","L","CHA","P"
"97","pizaj101","Pizarro","Juan","L","L","CHA","P"
"98","robif102","Robinson","Floyd","L","R","CHA","OF"
"99","skowb101","Skowron","Bill","R","R","CHA","1B"
"100","smitc105","Smith","Charley","R","R","CHA","3B"
"101","staem101","Staehle","Marv","L","R","CHA","PH"
"102","stepg101","Stephens","Gene","L","R","CHA","OF"
"103","talbf101","Talbot","Fred","R","R","CHA","P"
"104","wardp102","Ward","Pete","L","R","CHA","3B"
"105","weisa101","Weis","Al","B","R","CHA","2B"
"106","wilhh101","Wilhelm","Hoyt","R","R","CHA","P"
"107","amalj101","Amalfitano","Joey","R","R","CHN","2B"
"108","banke101","Banks","Ernie","R","R","CHN","1B"
"109","bertd101","Bertell","Dick","R","R","CHN","C"
"110","boccj101","Boccabella","John","R","R","CHN","1B"
"111","brocl102","Brock","Lou","L","L","CHN","OF"
"112","broge101","Broglio","Ernie","R","R","CHN","P"
"113","buhlb101","Buhl","Bob","R","R","CHN","P"
"114","burdf101","Burdette","Freddie","R","R","CHN","P"
"115","burdl101","Burdette","Lew","R","R","CHN","P"
"116","burkl102","Burke","Leo","R","R","CHN","OF"
"117","burte101","Burton","Ellis","B","R","CHN","OF"
"118","campr101","Campbell","Ron","R","R","CHN","2B"
"119","clemd101","Clemens","Doug","L","R","CHN","OF"
"120","cowab101","Cowan","Billy","R","R","CHN","OF"
"121","ellsd101","Ellsworth","Dick","L","L","CHN","P"
"122","elstd101","Elston","Don","R","R","CHN","P"
"123","flavj101","Flavin","John","L","L","CHN","P"
"124","gabrl102","Gabrielson","Len","L","R","CHN","OF"
"125","gregl101","Gregory","Lee","L","L","CHN","P"
"126","hobbg101","Hobbie","Glen","R","R","CHN","P"
"127","jackl102","Jackson","Larry","R","R","CHN","P"
"128","jaecj101","Jaeckel","Jake","R","R","CHN","P"
"129","kessd101","Kessinger","Don","B","R","CHN","SS"
"130","koonc101","Koonce","Cal","R","R","CHN","P"
"131","landd101","Landrum","Don","L","R","CHN","OF"
"132","mcdal101","McDaniel","Lindy","R","R","CHN","P"
"133","normf101","Norman","Fred","B","L","CHN","P"
"134","ott-b101","Ott","Billy","B","R","CHN","OF"
"135","popop101","Popovich","Paul","B","R","CHN","PH"
"136","ranem101","Ranew","Merritt","L","R","CHN","C"
"137","rodga101","Rodgers","Andre","R","R","CHN","SS"
"138","roznv101","Roznovsky","Vic","L","R","CHN","C"
"139","santr102","Santo","Ron","R","R","CHN","3B"
"140","schaj104","Schaffer","Jimmie","R","R","CHN","C"
"141","schuw102","Schurr","Wayne","R","R","CHN","P"
"142","scotd102","Scott","Dick","R","L","CHN","P"
"143","shanb102","Shantz","Bobby","R","L","CHN","P"
"144","slaus101","Slaughter","Sterling","R","R","CHN","P"
"145","sprij102","Spring","Jack","R","L","CHN","P"
"146","stewj102","Stewart","Jimmy","B","R","CHN","2B"
"147","tothp101","Toth","Paul","R","R","CHN","P"
"148","warnj104","Warner","Jack","R","R","CHN","P"
"149","willb104","Williams","Billy","L","R","CHN","OF"
"150","boros101","Boros","Steve","R","R","CIN","3B"
"151","cardl101","Cardenas","Leo","R","R","CIN","SS"
"152","cokej101","Coker","Jimmie","R","R","CIN","C"
"153","coleg101","Coleman","Gordy","L","R","CIN","1B"
"154","dickj101","Dickson","Jim","L","R","CIN","P"
"155","durer101","Duren","Ryne","R","R","CIN","P"
"156","edwaj101","Edwards","Johnny","L","R","CIN","C"
"157","ellis101","Ellis","Sammy","L","R","CIN","P"
"158","harpt101","Harper","Tommy","R","R","CIN","OF"
"159","helmt101","Helms","Tommy","R","R","CIN","PH"
"160","henrb101","Henry","Bill","L","L","CIN","P"
"161","jay-j101","Jay","Joey","B","R","CIN","P"
"162","johnd103","Johnson","Deron","R","R","CIN","1B"
"163","keoum101","Keough","Marty","L","L","CIN","OF"
"164","klaub102","Klaus","Bobby","R","R","CIN","2B"
"165","maloj102","Maloney","Jim","L","R","CIN","P"
"166","mccob105","McCool","Billy","R","L","CIN","P"
"167","nichc102","Nichols","Chet","B","L","CIN","P"
"168","nuxhj101","Nuxhall","Joe","L","L","CIN","P"
"169","otooj101","O'Toole","Jim","B","L","CIN","P"
"170","pavld101","Pavletich","Don","R","R","CIN","C"
"171","peret001","Perez","Tony","R","R","CIN","1B"
"172","pinsv101","Pinson","Vada","L","L","CIN","OF"
"173","purkb101","Purkey","Bob","R","R","CIN","P"
"174","queem102","Queen","Mel","L","R","CIN","OF"
"175","robif103","Robinson","Frank","R","R","CIN","OF"
"176","rosep001","Rose","Pete","B","R","CIN","2B"
"177","ruizc102","Ruiz","Chico","B","R","CIN","3B"
"178","skinb101","Skinner","Bob","L","R","CIN","OF"
"179","smith106","Smith","Hal","R","R","CIN","C"
"180","tempj101","Temple","Johnny","R","R","CIN","PH"
"181","tsitj101","Tsitouris","John","R","R","CIN","P"
"182","worta101","Worthington","Al","R","R","CIN","P"
"183","abert101","Abernathy","Ted","R","R","CLE","P"
"184","ageet101","Agee","Tommie","R","R","CLE","OF"
"185","alvim101","Alvis","Max","R","R","CLE","3B"
"186","azcuj101","Azcue","Joe","R","R","CLE","C"
"187","bankg101","Banks","George","R","R","CLE","OF"
"188","bellg102","Bell","Gary","R","R","CLE","P"
"189","browl104","Brown","Larry","R","R","CLE","2B"
"190","chanb101","Chance","Bob","L","R","CLE","1B"
"191","davav101","Davalillo","Vic","L","L","CLE","OF"
"192","dickp101","Dicken","Paul","R","R","CLE","PH"
"193","donod101","Donovan","Dick","L","R","CLE","P"
"194","frant101","Francona","Tito","L","L","CLE","OF"
"195","fullv101","Fuller","Vern","R","R","CLE","PH"
"196","granj101","Grant","Mudcat","R","R","CLE","P"
"197","heldw101","Held","Woodie","R","R","CLE","2B"
"198","howsd101","Howser","Dick","R","R","CLE","SS"
"199","johnt001","John","Tommy","R","L","CLE","P"
"200","kellt102","Kelley","Tom","R","R","CLE","P"
"201","kindj101","Kindall","Jerry","R","R","CLE","1B"
"202","kralj101","Kralick","Jack","L","L","CLE","P"
"203","lupla101","Luplow","Al","L","R","CLE","OF"
"204","martt101","Martinez","Tony","R","R","CLE","2B"
"205","mcdos101","McDowell","Sam","L","L","CLE","P"
"206","mcmad102","McMahon","Don","R","R","CLE","P"
"207","morab101","Moran","Billy","R","R","CLE","3B"
"208","postw101","Post","Wally","R","R","CLE","OF"
"209","ramop101","Ramos","Pedro","B","R","CLE","P"
"210","romaj101","Romano","John","R","R","CLE","C"
"211","salmc101","Salmon","Chico","R","R","CLE","OF"
"212","seyfg101","Seyfried","Gordon","R","R","CLE","P"
"213","siebs101","Siebert","Sonny","R","R","CLE","P"
"214","simsd101","Sims","Duke","L","R","CLE","C"
"215","smita102","Smith","Al","R","R","CLE","OF"
"216","stanl101","Stange","Lee","R","R","CLE","P"
"217","tianl101","Tiant","Luis","R","R","CLE","P"
"218","wagnl101","Wagner","Leon","L","R","CLE","OF"
"219","walkj104","Walker","Jerry","B","R","CLE","P"
"220","whitf103","Whitfield","Fred","L","L","CLE","1B"
"221","aguih101","Aguirre","Hank","R","L","DET","P"
"222","browg101","Brown","Gates","L","R","DET","OF"
"223","brutb101","Bruton","Bill","L","R","DET","OF"
"224","cashn101","Cash","Norm","L","L","DET","1B"
"225","demed101","Demeter","Don","R","R","DET","OF"
"226","egand101","Egan","Dick","L","L","DET","P"
"227","faulb101","Faul","Bill","R","R","DET","P"
"228","fishf101","Fisher","Fritz","L","L","DET","P"
"229","fox-t101","Fox","Terry","R","R","DET","P"
"230","freeb103","Freehan","Bill","R","R","DET","C"
"231","gladf102","Gladding","Fred","L","R","DET","P"
"232","hamij101","Hamilton","Jack","R","R","DET","P"
"233","hortw101","Horton","Willie","R","R","DET","OF"
"234","kalia101","Kaline","Al","R","R","DET","OF"
"235","kocha101","Koch","Alan","R","R","DET","P"
"236","laryf101","Lary","Frank","R","R","DET","P"
"237","lolim101","Lolich","Mickey","B","L","DET","P"
"238","lumpj101","Lumpe","Jerry","L","R","DET","2B"
"239","mcaud101","McAuliffe","Dick","L","R","DET","SS"
"240","mclad101","McLain","Denny","R","R","DET","P"
"241","navaj101","Navarro","Julio","R","R","DET","P"
"242","nortj101","Northrup","Jim","L","R","DET","OF"
"243","philb102","Phillips","Bubba","R","R","DET","3B"
"244","rakoe101","Rakow","Ed","B","R","DET","P"
"245","regap101","Regan","Phil","R","R","DET","P"
"246","roarm101","Roarke","Mike","R","R","DET","C"
"247","romab101","Roman","Bill","L","L","DET","1B"
"248","sealj101","Seale","Johnnie","L","L","DET","P"
"249","sherl101","Sherry","Larry","R","R","DET","P"
"250","smitg101","Smith","George","R","R","DET","2B"
"251","sparj101","Sparma","Joe","R","R","DET","P"
"252","stanm101","Stanley","Mickey","R","R","DET","OF"
"253","sullj103","Sullivan","John","L","R","DET","C"
"254","thomg102","Thomas","George","R","R","DET","OF"
"255","wertd103","Wert","Don","R","R","DET","3B"
"256","wickd101","Wickersham","Dave","R","R","DET","P"
"257","woodj107","Wood","Jake","R","R","DET","1B"
"258","adled101","Adlesh","Dave","R","R","HOU","C"
"259","asprb101","Aspromonte","Bob","R","R","HOU","3B"
"260","batej102","Bateman","John","R","R","HOU","C"
"261","beauj101","Beauchamp","Jim","R","R","HOU","OF"
"262","bondw101","Bond","Walt","L","R","HOU","1B"
"263","bradd102","Bradey","Don","R","R","HOU","P"
"264","browh101","Brown","Hal","R","R","HOU","P"
"265","brucb101","Bruce","Bob","R","R","HOU","P"
"266","coomd101","Coombs","Danny","R","L","HOU","P"
"267","davib105","Davis","Brock","L","L","HOU","OF"
"268","dierl101","Dierker","Larry","R","R","HOU","P"
"269","farrt101","Farrell","Turk","R","R","HOU","P"
"270","fox-n101","Fox","Nellie","L","R","HOU","2B"
"271","gainj101","Gaines","Joe","R","R","HOU","OF"
"272","giusd101","Giusti","Dave","R","R","HOU","P"
"273","grotj101","Grote","Jerry","R","R","HOU","C"
"274","hardc101","Hardy","Carroll","R","R","HOU","OF"
"275","herts101","Hertz","Steve","R","R","HOU","3B"
"276","hoerj101","Hoerner","Joe","R","L","HOU","P"
"277","hoffj104","Hoffman","John","L","R","HOU","C"
"278","jacks102","Jackson","Sonny","L","R","HOU","SS"
"279","johnk102","Johnson","Ken","R","R","HOU","P"
"280","joneg101","Jones","Gordon","R","R","HOU","P"
"281","kaske101","Kasko","Eddie","R","R","HOU","SS"
"282","larsd102","Larsen","Don","R","R","HOU","P"
"283","lillb101","Lillis","Bob","R","R","HOU","2B"
"284","morgj001","Morgan","Joe","L","R","HOU","2B"
"285","murri101","Murrell","Ivan","R","R","HOU","OF"
"286","nottd101","Nottebart","Don","R","R","HOU","P"
"287","owenj101","Owens","Jim","R","R","HOU","P"
"288","raymc101","Raymond","Claude","R","R","HOU","P"
"289","robed108","Roberts","Dave","L","L","HOU","1B"
"290","runnp101","Runnels","Pete","L","R","HOU","1B"
"291","spana101","Spangler","Al","L","L","HOU","OF"
"292","staur001","Staub","Rusty","L","R","HOU","1B"
"293","weekj101","Weekly","John","R","R","HOU","OF"
"294","whitm103","White","Mike","R","R","HOU","OF"
"295","willw103","Williams","Walt","R","R","HOU","OF"
"296","woodh101","Woodeshick","Hal","R","L","HOU","P"
"297","wynnj101","Wynn","Jim","R","R","HOU","OF"
"298","yelll101","Yellen","Larry","R","R","HOU","P"
"299","zachc101","Zachary","Chris","L","R","HOU","P"
"300","akerj102","Aker","Jack","R","R","KC1","P"
"301","alusg101","Alusik","George","R","R","KC1","OF"
"302","bowst101","Bowsfield","Ted","R","L","KC1","P"
"303","bryab101","Bryan","Billy","L","R","KC1","C"
"304","campb101","Campaneris","Bert","R","R","KC1","SS"
"305","causw101","Causey","Wayne","L","R","KC1","SS"
"306","chare101","Charles","Ed","R","R","KC1","3B"
"307","cimog101","Cimoli","Gino","R","R","KC1","OF"
"308","colar101","Colavito","Rocky","R","R","KC1","OF"
"309","drabm101","Drabowsky","Moe","R","R","KC1","P"
"310","duncd101","Duncan","Dave","R","R","KC1","C"
"311","edwad102","Edwards","Doc","R","R","KC1","C"
"312","gentj101","Gentile","Jim","L","L","KC1","1B"
"313","greed102","Green","Dick","R","R","KC1","2B"
"314","grzej101","Grzenda","Joe","R","L","KC1","P"
"315","handv101","Handrahan","Vern","L","R","KC1","P"
"316","harrk101","Harrelson","Ken","R","R","KC1","OF"
"317","jimem101","Jimenez","Manny","L","R","KC1","OF"
"318","joser101","Joseph","Rick","R","R","KC1","1B"
"319","kraul102","Krausse","Lew","R","R","KC1","P"
"320","lau-c101","Lau","Charlie","L","R","KC1","C"
"321","mathn101","Mathews","Nelson","R","R","KC1","OF"
"322","meyeb102","Meyer","Bob","R","L","KC1","P"
"323","monta103","Monteagudo","Aurelio","R","R","KC1","P"
"324","odomj101","Odom","Blue Moon","R","R","KC1","P"
"325","odonj101","O'Donoghue","John","R","L","KC1","P"
"326","penao101","Pena","Orlando","R","R","KC1","P"
"327","pfisd101","Pfister","Dan","R","R","KC1","P"
"328","reynt101","Reynolds","Tommie","R","R","KC1","OF"
"329","sandk101","Sanders","Ken","R","R","KC1","P"
"330","santj101","Santiago","Jose","R","R","KC1","P"
"331","segud101","Segui","Diego","R","R","KC1","P"
"332","shoec101","Shoemaker","Charlie","L","R","KC1","2B"
"333","stahl101","Stahl","Larry","L","L","KC1","OF"
"334","stocw101","Stock","Wes","R","R","KC1","P"
"335","sturt101","Sturdivant","Tom","L","R","KC1","P"
"336","tartj101","Tartabull","Jose","L","L","KC1","OF"
"337","willg101","Williams","George","R","R","KC1","2B"
"338","wojcj101","Wojcik","John","L","R","KC1","OF"
"339","wyatj102","Wyatt","John","R","R","KC1","P"
"340","adcoj101","Adcock","Joe","R","R","LAA","1B"
"341","belib101","Belinsky","Bo","L","L","LAA","P"
"342","brung101","Brunet","George","R","L","LAA","P"
"343","chand102","Chance","Dean","R","R","LAA","P"
"344","clinl101","Clinton","Lou","R","R","LAA","OF"
"345","deesc101","Dees","Charlie","L","L","LAA","1B"
"346","dulib101","Duliba","Bob","R","R","LAA","P"
"347","foilh101","Foiles","Hank","R","R","LAA","PH"
"348","fowla101","Fowler","Art","R","R","LAA","P"
"349","foytp101","Foytack","Paul","R","R","LAA","P"
"350","fregj101","Fregosi","Jim","R","R","LAA","SS"
"351","gatea101","Gatewood","Aubrey","R","R","LAA","P"
"352","greel101","Green","Lenny","L","L","LAA","OF"
"353","hiatj101","Hiatt","Jack","R","R","LAA","C"
"354","kelsb101","Kelso","Bill","R","R","LAA","P"
"355","kirke102","Kirkpatrick","Ed","L","R","LAA","OF"
"356","knoob101","Knoop","Bobby","R","R","LAA","2B"
"357","koppj101","Koppe","Joe","R","R","LAA","SS"
"358","latmb101","Latman","Barry","R","R","LAA","P"
"359","lee-b104","Lee","Bob","R","R","LAA","P"
"360","lee-d102","Lee","Don","R","R","LAA","P"
"361","mcbrk101","McBride","Ken","R","R","LAA","P"
"362","meyeb102","Meyer","Bob","R","L","LAA","P"
"363","morab101","Moran","Billy","R","R","LAA","3B"
"364","navaj101","Navarro","Julio","R","R","LAA","P"
"365","newmf101","Newman","Fred","R","R","LAA","P"
"366","osind101","Osinski","Dan","R","R","LAA","P"
"367","peara102","Pearson","Albie","L","L","LAA","OF"
"368","perrb103","Perry","Bob","R","R","LAA","OF"
"369","pierj102","Piersall","Jim","R","R","LAA","OF"
"370","powev101","Power","Vic","R","R","LAA","1B"
"371","reicr101","Reichardt","Rick","R","R","LAA","OF"
"372","rodgb102","Rodgers","Buck","B","R","LAA","C"
"373","satrt101","Satriano","Tom","L","R","LAA","3B"
"374","schap101","Schaal","Paul","R","R","LAA","2B"
"375","simpd102","Simpson","Dick","R","R","LAA","OF"
"376","smitw102","Smith","Willie","L","L","LAA","OF"
"377","sprij102","Spring","Jack","R","L","LAA","P"
"378","sukle101","Sukla","Ed","R","R","LAA","P"
"379","thoml103","Thomas","Lee","L","L","LAA","OF"
"380","torrf101","Torres","Felix","R","R","LAA","3B"
"381","brewj102","Brewer","Jim","L","L","LAN","P"
"382","camid101","Camilli","Doug","R","R","LAN","C"
"383","craww101","Crawford","Willie","L","L","LAN","OF"
"384","davit103","Davis","Tommy","R","R","LAN","OF"
"385","daviw102","Davis","Willie","L","L","LAN","OF"
"386","drysd101","Drysdale","Don","R","R","LAN","P"
"387","fairr101","Fairly","Ron","L","L","LAN","1B"
"388","gillj102","Gilliam","Jim","B","R","LAN","3B"
"389","grifd102","Griffith","Derrell","L","R","LAN","3B"
"390","howaf102","Howard","Frank","R","R","LAN","OF"
"391","koufs101","Koufax","Sandy","R","L","LAN","P"
"392","mcmuk101","McMullen","Ken","R","R","LAN","1B"
"393","millb106","Miller","Bob","R","R","LAN","P"
"394","milll101","Miller","Larry","L","L","LAN","P"
"395","moelj101","Moeller","Joe","R","R","LAN","P"
"396","moonw101","Moon","Wally","L","R","LAN","OF"
"397","olivn101","Oliver","Nate","R","R","LAN","2B"
"398","ortep101","Ortega","Phil","R","R","LAN","P"
"399","parkw101","Parker","Wes","B","L","LAN","OF"
"400","perrr101","Perranoski","Ron","L","L","LAN","P"
"401","podrj101","Podres","Johnny","L","L","LAN","P"
"402","purdj101","Purdin","John","R","R","LAN","P"
"403","reedh102","Reed","Howie","R","R","LAN","P"
"404","richp102","Richert","Pete","L","L","LAN","P"
"405","rosej101","Roseboro","John","L","R","LAN","C"
"406","shirb101","Shirley","Bart","R","R","LAN","3B"
"407","singb101","Singer","Bill","R","R","LAN","P"
"408","torbj101","Torborg","Jeff","R","R","LAN","C"
"409","tracd101","Tracewski","Dick","R","R","LAN","2B"
"410","walll101","Walls","Lee","R","R","LAN","OF"
"411","werhj101","Werhas","Johnny","R","R","LAN","3B"
"412","willm102","Wills","Maury","B","R","LAN","SS"
"413","willn101","Willhite","Nick","L","L","LAN","P"
"414","alleb105","Allen","Bernie","L","R","MIN","2B"
"415","allib103","Allison","Bob","R","R","MIN","1B"
"416","arrig101","Arrigo","Gerry","L","L","MIN","P"
"417","bankg101","Banks","George","R","R","MIN","PH"
"418","batte101","Battey","Earl","R","R","MIN","C"
"419","bethb101","Bethea","Bill","R","R","MIN","2B"
"420","bloob101","Bloomfield","Bud","R","R","MIN","2B"
"421","boswd101","Boswell","Dave","R","R","MIN","P"
"422","dailb101","Dailey","Bill","R","R","MIN","P"
"423","dottg101","Dotter","Gary","L","L","MIN","P"
"424","fiscb101","Fischer","Bill","R","R","MIN","P"
"425","fosnj101","Fosnow","Jerry","R","L","MIN","P"
"426","goryj101","Goryl","Johnny","R","R","MIN","2B"
"427","granj101","Grant","Mudcat","R","R","MIN","P"
"428","greel101","Green","Lenny","L","L","MIN","OF"
"429","hallj107","Hall","Jimmie","L","R","MIN","OF"
"430","henrr101","Henry","Ron","R","R","MIN","C"
"431","kaatj101","Kaat","Jim","L","L","MIN","P"
"432","killh102","Killebrew","Harmon","R","R","MIN","OF"
"433","kindj101","Kindall","Jerry","R","R","MIN","2B"
"434","klipj101","Klippstein","Johnny","R","R","MIN","P"
"435","kostf101","Kostro","Frank","R","R","MIN","3B"
"436","mccaj108","McCabe","Joe","R","R","MIN","C"
"437","mincd101","Mincher","Don","L","R","MIN","1B"
"438","niesc101","Nieson","Chuck","R","R","MIN","P"
"439","nossj101","Nossek","Joe","R","R","MIN","OF"
"440","olivt102","Oliva","Tony","L","R","MIN","OF"
"441","pascc102","Pascual","Camilo","R","R","MIN","P"
"442","perrj102","Perry","Jim","B","R","MIN","P"
"443","pleib101","Pleis","Bill","L","L","MIN","P"
"444","powev101","Power","Vic","R","R","MIN","1B"
"445","reesr101","Reese","Rich","L","L","MIN","1B"
"446","rolaj101","Roland","Jim","R","L","MIN","P"
"447","rollr101","Rollins","Rich","R","R","MIN","3B"
"448","shifg101","Shifflett","Garland","R","R","MIN","P"
"449","siebd101","Siebler","Dwight","R","R","MIN","P"
"450","snydj103","Snyder","Jim","R","R","MIN","2B"
"451","stanl101","Stange","Lee","R","R","MIN","P"
"452","stigd101","Stigman","Dick","R","L","MIN","P"
"453","versz101","Versalles","Zoilo","R","R","MIN","SS"
"454","wardj103","Ward","Jay","R","R","MIN","2B"
"455","whitb108","Whitby","Bill","R","R","MIN","P"
"456","worta101","Worthington","Al","R","R","MIN","P"
"457","zimmj101","Zimmerman","Jerry","R","R","MIN","C"
"458","aaroh101","Aaron","Hank","R","R","MLN","OF"
"459","aloms101","Alomar","Sandy","B","R","MLN","SS"
"460","alouf101","Alou","Felipe","R","R","MLN","OF"
"461","baile101","Bailey","Ed","L","R","MLN","C"
"462","bellg103","Bell","Gus","L","R","MLN","PH"
"463","blace103","Blackaby","Ethan","L","L","MLN","OF"
"464","blasw101","Blasingame","Wade","L","L","MLN","P"
"465","bollf101","Bolling","Frank","R","R","MLN","2B"
"466","brauj101","Braun","John","R","R","MLN","P"
"467","butlc102","Butler","Cecil","R","R","MLN","P"
"468","carrc103","Carroll","Clay","R","R","MLN","P"
"469","cartr101","Carty","Rico","R","R","MLN","OF"
"470","clint101","Cline","Ty","L","L","MLN","OF"
"471","clont101","Cloninger","Tony","R","R","MLN","P"
"472","delam101","de la Hoz","Mike","R","R","MLN","2B"
"473","eiled101","Eilers","Dave","R","R","MLN","P"
"474","fisch101","Fischer","Hank","R","R","MLN","P"
"475","gabrl102","Gabrielson","Len","L","R","MLN","1B"
"476","hoefb101","Hoeft","Billy","L","L","MLN","P"
"477","kelld102","Kelley","Dick","R","L","MLN","P"
"478","kliml101","Klimchock","Lou","L","R","MLN","3B"
"479","kolbg101","Kolb","Gary","L","R","MLN","OF"
"480","laryf101","Lary","Frank","R","R","MLN","P"
"481","lemad102","Lemaster","Denny","R","L","MLN","P"
"482","mathe101","Mathews","Eddie","L","R","MLN","3B"
"483","mayel101","Maye","Lee","L","R","MLN","OF"
"484","mcmir101","McMillan","Roy","R","R","MLN","SS"
"485","menkd101","Menke","Denis","R","R","MLN","SS"
"486","niekp001","Niekro","Phil","R","R","MLN","P"
"487","olivc101","Olivo","Chi-Chi","R","R","MLN","P"
"488","olivg101","Oliver","Gene","R","R","MLN","1B"
"489","ranem101","Ranew","Merritt","L","R","MLN","C"
"490","roofp101","Roof","Phil","R","R","MLN","C"
"491","sadob102","Sadowski","Bob","R","R","MLN","P"
"492","schnd101","Schneider","Dan","L","L","MLN","P"
"493","smitj109","Smith","Jack","R","R","MLN","P"
"494","soutb102","Southworth","Bill","R","R","MLN","3B"
"495","spahw101","Spahn","Warren","L","L","MLN","P"
"496","tiefb101","Tiefenauer","Bobby","R","R","MLN","P"
"497","torrj101","Torre","Joe","R","R","MLN","C"
"498","umbaa101","Umbach","Arnold","R","R","MLN","P"
"499","woodw101","Woodward","Woody","R","R","MLN","2B"
"500","blanj101","Blanchard","Johnny","L","R","NYA","C"
"501","boutj101","Bouton","Jim","R","R","NYA","P"
"502","boyec102","Boyer","Clete","R","R","NYA","3B"
"503","brigh101","Bright","Harry","R","R","NYA","1B"
"504","daleb102","Daley","Bud","L","L","NYA","P"
"505","downa101","Downing","Al","R","L","NYA","P"
"506","fordw101","Ford","Whitey","L","L","NYA","P"
"507","gibbj101","Gibbs","Jake","L","R","NYA","C"
"508","gonzp101","Gonzalez","Pedro","R","R","NYA","1B"
"509","hamis101","Hamilton","Steve","L","L","NYA","P"
"510","hegam101","Hegan","Mike","L","L","NYA","1B"
"511","howae101","Howard","Elston","R","R","NYA","C"
"512","jimee101","Jimenez","Elvio","R","R","NYA","OF"
"513","kubet101","Kubek","Tony","L","R","NYA","SS"
"514","linzp101","Linz","Phil","R","R","NYA","SS"
"515","lopeh101","Lopez","Hector","R","R","NYA","OF"
"516","mantm101","Mantle","Mickey","B","R","NYA","OF"
"517","marir101","Maris","Roger","L","R","NYA","OF"
"518","meyeb102","Meyer","Bob","R","L","NYA","P"
"519","mikkp101","Mikkelsen","Pete","R","R","NYA","P"
"520","moora101","Moore","Archie","L","L","NYA","OF"
"521","pepij101","Pepitone","Joe","L","L","NYA","1B"
"522","ramop101","Ramos","Pedro","B","R","NYA","P"
"523","renih101","Reniff","Hal","R","R","NYA","P"
"524","repor101","Repoz","Roger","L","L","NYA","OF"
"525","richb102","Richardson","Bobby","R","R","NYA","2B"
"526","shelr101","Sheldon","Rollie","R","R","NYA","P"
"527","stafb101","Stafford","Bill","R","R","NYA","P"
"528","stotm101","Stottlemyre","Mel","R","R","NYA","P"
"529","terrr101","Terry","Ralph","R","R","NYA","P"
"530","trest101","Tresh","Tom","B","R","NYA","OF"
"531","wills102","Williams","Stan","R","R","NYA","P"
"532","altmg101","Altman","George","L","R","NYN","OF"
"533","andec101","Anderson","Craig","R","R","NYN","P"
"534","baute101","Bauta","Ed","R","R","NYN","P"
"535","bearl101","Bearnarth","Larry","R","R","NYN","P"
"536","burrl101","Burright","Larry","R","R","NYN","2B"
"537","cannc101","Cannizzaro","Chris","R","R","NYN","C"
"538","chrij101","Christopher","Joe","R","R","NYN","OF"
"539","ciscg101","Cisco","Galen","R","R","NYN","P"
"540","dills102","Dillon","Steve","L","L","NYN","P"
"541","ellil101","Elliot","Larry","L","L","NYN","OF"
"542","fishj101","Fisher","Jack","R","R","NYN","P"
"543","gondj101","Gonder","Jesse","L","R","NYN","C"
"544","grahw101","Graham","Wayne","R","R","NYN","3B"
"545","harkt101","Harkness","Tim","L","L","NYN","1B"
"546","hickj103","Hickman","Jim","R","R","NYN","OF"
"547","hinsj101","Hinsley","Jerry","R","R","NYN","P"
"548","hookj101","Hook","Jay","L","R","NYN","P"
"549","huntr101","Hunt","Ron","R","R","NYN","2B"
"550","huntw102","Hunter","Willard","R","L","NYN","P"
"551","jacka101","Jackson","Al","L","L","NYN","P"
"552","kaner101","Kanehl","Rod","R","R","NYN","2B"
"553","klaub102","Klaus","Bobby","R","R","NYN","3B"
"554","krane101","Kranepool","Ed","L","L","NYN","1B"
"555","krolg101","Kroll","Gary","R","R","NYN","P"
"556","laryf101","Lary","Frank","R","R","NYN","P"
"557","lockr101","Locke","Ron","R","L","NYN","P"
"558","mcmir101","McMillan","Roy","R","R","NYN","SS"
"559","moraa102","Moran","Al","R","R","NYN","SS"
"560","parst101","Parsons","Tom","R","R","NYN","P"
"561","ribad101","Ribant","Dennis","R","R","NYN","P"
"562","samua101","Samuel","Amado","R","R","NYN","SS"
"563","smitc105","Smith","Charley","R","R","NYN","3B"
"564","smitd104","Smith","Dick","R","R","NYN","1B"
"565","stalt101","Stallard","Tracy","R","R","NYN","P"
"566","stepj102","Stephenson","John","L","R","NYN","3B"
"567","sturt101","Sturdivant","Tom","L","R","NYN","P"
"568","suthd102","Sutherland","Darrell","R","R","NYN","P"
"569","taylh102","Taylor","Hawk","R","R","NYN","C"
"570","thomf103","Thomas","Frank","R","R","NYN","OF"
"571","wakeb101","Wakefield","Bill","R","R","NYN","P"
"572","willc104","Willey","Carl","R","R","NYN","P"
"573","alled101","Allen","Dick","R","R","PHI","3B"
"574","amarr101","Amaro","Ruben","R","R","PHI","SS"
"575","baldj101","Baldschun","Jack","R","R","PHI","P"
"576","bennd101","Bennett","Dennis","L","L","PHI","P"
"577","bennd102","Bennett","Dave","R","R","PHI","P"
"578","boozj101","Boozer","John","R","R","PHI","P"
"579","brigj102","Briggs","John","L","L","PHI","OF"
"580","bunnj101","Bunning","Jim","R","R","PHI","P"
"581","callj101","Callison","Johnny","L","R","PHI","OF"
"582","cated101","Cater","Danny","R","R","PHI","OF"
"583","corrp102","Corrales","Pat","R","R","PHI","PH"
"584","coviw101","Covington","Wes","L","R","PHI","OF"
"585","culpr101","Culp","Ray","R","R","PHI","P"
"586","dalrc101","Dalrymple","Clay","L","R","PHI","C"
"587","durer101","Duren","Ryne","R","R","PHI","P"
"588","gonzt101","Gonzalez","Tony","L","R","PHI","OF"
"589","greed101","Green","Dallas","L","R","PHI","P"
"590","herrj101","Herrnstein","John","L","L","PHI","OF"
"591","hoakd101","Hoak","Don","R","R","PHI","PH"
"592","johna104","Johnson","Alex","R","R","PHI","OF"
"593","klipj101","Klippstein","Johnny","R","R","PHI","P"
"594","krolg101","Kroll","Gary","R","R","PHI","P"
"595","lockb101","Locke","Bobby","R","R","PHI","P"
"596","mahaa102","Mahaffey","Art","R","R","PHI","P"
"597","mclic101","McLish","Cal","B","R","PHI","P"
"598","phila101","Phillips","Adolfo","R","R","PHI","OF"
"599","powev101","Power","Vic","R","R","PHI","1B"
"600","roebe101","Roebuck","Ed","R","R","PHI","P"
"601","rojac101","Rojas","Cookie","R","R","PHI","OF"
"602","shanb102","Shantz","Bobby","R","L","PHI","P"
"603","shocc101","Shockley","Costen","L","L","PHI","1B"
"604","shorc102","Short","Chris","R","L","PHI","P"
"605","sievr101","Sievers","Roy","R","R","PHI","1B"
"606","steem101","Steevens","Morrie","L","L","PHI","P"
"607","taylt101","Taylor","Tony","R","R","PHI","2B"
"608","thomf103","Thomas","Frank","R","R","PHI","1B"
"609","triag101","Triandos","Gus","R","R","PHI","C"
"610","wineb101","Wine","Bobby","R","R","PHI","SS"
"611","wiser101","Wise","Rick","R","R","PHI","P"
"612","alleg101","Alley","Gene","R","R","PIT","SS"
"613","bailb103","Bailey","Bob","R","R","PIT","3B"
"614","blass101","Blass","Steve","R","R","PIT","P"
"615","borkf101","Bork","Frank","R","L","PIT","P"
"616","burgs101","Burgess","Smoky","L","R","PIT","C"
"617","buttt101","Butters","Tom","R","R","PIT","P"
"618","cardd101","Cardwell","Don","R","R","PIT","P"
"619","clemr101","Clemente","Roberto","R","R","PIT","OF"
"620","clend101","Clendenon","Donn","R","R","PIT","1B"
"621","facer101","Face","Roy","R","R","PIT","P"
"622","frane101","Francis","Earl","R","R","PIT","P"
"623","freeg102","Freese","Gene","R","R","PIT","3B"
"624","frieb102","Friend","Bob","R","R","PIT","P"
"625","gelnj101","Gelnar","John","R","R","PIT","P"
"626","gibbj102","Gibbon","Joe","R","L","PIT","P"
"627","gotaj101","Gotay","Julio","R","R","PIT","PH"
"628","greef101","Green","Fred","R","L","PIT","P"
"629","johnr107","Johnston","Rex","B","R","PIT","OF"
"630","law-v101","Law","Vern","R","R","PIT","P"
"631","lyncj102","Lynch","Jerry","L","R","PIT","OF"
"632","may-j101","May","Jerry","R","R","PIT","C"
"633","mazeb101","Mazeroski","Bill","R","R","PIT","2B"
"634","mcbea101","McBean","Al","R","R","PIT","P"
"635","mcfao101","McFarlane","Orlando","R","R","PIT","C"
"636","motam101","Mota","Manny","R","R","PIT","OF"
"637","paglj101","Pagliaroni","Jim","R","R","PIT","C"
"638","pridb101","Priddy","Bob","R","R","PIT","P"
"639","schod101","Schofield","Dick","B","R","PIT","SS"
"640","schwd101","Schwall","Don","R","R","PIT","P"
"641","siskt101","Sisk","Tommie","R","R","PIT","P"
"642","starw101","Stargell","Willie","L","L","PIT","OF"
"643","vealb101","Veale","Bob","B","L","PIT","P"
"644","virdb101","Virdon","Bill","L","R","PIT","OF"
"645","wissd101","Wissman","Dave","L","R","PIT","OF"
"646","woodw103","Wood","Wilbur","R","L","PIT","P"
"647","alouj101","Alou","Jesus","R","R","SFN","OF"
"648","aloum101","Alou","Matty","L","L","SFN","OF"
"649","bolib101","Bolin","Bobby","R","R","SFN","P"
"650","cardj101","Cardenal","Jose","R","R","SFN","OF"
"651","cepeo101","Cepeda","Orlando","R","R","SFN","1B"
"652","crand102","Crandall","Del","R","R","SFN","C"
"653","davej101","Davenport","Jim","R","R","SFN","SS"
"654","duffj102","Duffalo","Jim","R","R","SFN","P"
"655","ested102","Estelle","Dick","B","L","SFN","P"
"656","garrg101","Garrido","Gil","R","R","SFN","SS"
"657","hallt102","Haller","Tom","L","R","SFN","C"
"658","hartj102","Hart","Jim Ray","R","R","SFN","3B"
"659","hendb101","Hendley","Bob","R","L","SFN","P"
"660","herbr102","Herbel","Ron","R","R","SFN","P"
"661","hillc101","Hiller","Chuck","L","R","SFN","2B"
"662","hundr101","Hundley","Randy","R","R","SFN","C"
"663","kuenh101","Kuenn","Harvey","R","R","SFN","OF"
"664","lanih101","Lanier","Hal","R","R","SFN","2B"
"665","larsd102","Larsen","Don","R","R","SFN","P"
"666","mackk101","MacKenzie","Ken","R","L","SFN","P"
"667","marij101","Marichal","Juan","R","R","SFN","P"
"668","maysw101","Mays","Willie","R","R","SFN","OF"
"669","mccow101","McCovey","Willie","L","L","SFN","OF"
"670","muram101","Murakami","Masanori","L","L","SFN","P"
"671","odelb101","O'Dell","Billy","B","L","SFN","P"
"672","pagaj101","Pagan","Jose","R","R","SFN","SS"
"673","perrg101","Perry","Gaylord","R","R","SFN","P"
"674","petec101","Peterson","Cap","R","R","SFN","OF"
"675","pierb101","Pierce","Billy","L","L","SFN","P"
"676","pregj101","Pregenzer","John","R","R","SFN","P"
"677","sanfj101","Sanford","Jack","R","R","SFN","P"
"678","shawb103","Shaw","Bob","R","R","SFN","P"
"679","snidd101","Snider","Duke","L","R","SFN","OF"
"680","baked103","Bakenhaster","Dave","R","R","SLN","P"
"681","boyek101","Boyer","Ken","R","R","SLN","3B"
"682","brocl102","Brock","Lou","L","L","SLN","OF"
"683","broge101","Broglio","Ernie","R","R","SLN","P"
"684","buchj102","Buchek","Jerry","R","R","SLN","SS"
"685","burdl101","Burdette","Lew","R","R","SLN","P"
"686","clemd101","Clemens","Doug","L","R","SLN","OF"
"687","crair101","Craig","Roger","R","R","SLN","P"
"688","cuelm101","Cuellar","Mike","L","L","SLN","P"
"689","dowld101","Dowling","Dave","R","L","SLN","P"
"690","fanoh101","Fanok","Harry","B","R","SLN","P"
"691","flooc101","Flood","Curt","R","R","SLN","OF"
"692","gaglp101","Gagliano","Phil","R","R","SLN","2B"
"693","gibsb101","Gibson","Bob","R","R","SLN","P"
"694","groad101","Groat","Dick","R","R","SLN","SS"
"695","hobbg101","Hobbie","Glen","R","R","SLN","P"
"696","humpb102","Humphreys","Bob","R","R","SLN","P"
"697","jamec102","James","Charlie","R","R","SLN","OF"
"698","javij101","Javier","Julian","R","R","SLN","2B"
"699","lewij102","Lewis","Johnny","L","R","SLN","OF"
"700","longj101","Long","Jeoff","R","R","SLN","OF"
"701","maxvd101","Maxvill","Dal","R","R","SLN","2B"
"702","mccat101","McCarver","Tim","L","R","SLN","C"
"703","morgj101","Morgan","Joe","L","R","SLN","PH"
"704","richg101","Richardson","Gordie","R","L","SLN","P"
"705","sader101","Sadecki","Ray","L","L","SLN","P"
"706","schub101","Schultz","Barney","R","R","SLN","P"
"707","shanb102","Shantz","Bobby","R","L","SLN","P"
"708","shanm101","Shannon","Mike","R","R","SLN","OF"
"709","simmc101","Simmons","Curt","L","L","SLN","P"
"710","skinb101","Skinner","Bob","L","R","SLN","OF"
"711","spiee101","Spiezio","Ed","R","R","SLN","PH"
"712","sprij102","Spring","Jack","R","L","SLN","P"
"713","taylr101","Taylor","Ron","R","R","SLN","P"
"714","ueckb101","Uecker","Bob","R","R","SLN","C"
"715","warwc101","Warwick","Carl","R","L","SLN","OF"
"716","washr101","Washburn","Ray","R","R","SLN","P"
"717","whitb105","White","Bill","L","L","SLN","1B"
"718","blasd101","Blasingame","Don","L","R","WS2","2B"
"719","boulc101","Bouldin","Carl","B","R","WS2","P"
"720","bridm101","Bridges","Marshall","B","L","WS2","P"
"721","brine101","Brinkman","Ed","R","R","WS2","SS"
"722","bronj101","Bronstad","Jim","R","R","WS2","P"
"723","brumm101","Brumley","Mike","L","R","WS2","C"
"724","chent101","Cheney","Tom","R","R","WS2","P"
"725","cottc101","Cottier","Chuck","R","R","WS2","2B"
"726","craip101","Craig","Pete","L","R","WS2","P"
"727","cunnj101","Cunningham","Joe","L","L","WS2","1B"
"728","danib102","Daniels","Bennie","L","R","WS2","P"
"729","duckj101","Duckworth","Jim","R","R","WS2","P"
"730","hannj102","Hannan","Jim","R","R","WS2","P"
"731","hintc101","Hinton","Chuck","R","R","WS2","OF"
"732","huntk102","Hunt","Ken","R","R","WS2","OF"
"733","kennj105","Kennedy","John","R","R","WS2","3B"
"734","kingj101","King","Jim","L","R","WS2","OF"
"735","kirkw101","Kirkland","Willie","L","R","WS2","OF"
"736","klinr102","Kline","Ron","R","R","WS2","P"
"737","kocha101","Koch","Alan","R","R","WS2","P"
"738","koplh101","Koplitz","Howie","R","R","WS2","P"
"739","kreuf101","Kreutzer","Frank","R","L","WS2","P"
"740","leppd101","Leppert","Don","R","R","WS2","C"
"741","lockd101","Lock","Don","R","R","WS2","OF"
"742","lound101","Loun","Don","R","L","WS2","P"
"743","narub101","Narum","Buster","R","R","WS2","P"
"744","ostec103","Osteen","Claude","L","L","WS2","P"
"745","phild103","Phillips","Dick","L","R","WS2","1B"
"746","retzk101","Retzer","Ken","L","R","WS2","C"
"747","ridzs101","Ridzik","Steve","R","R","WS2","P"
"748","roebe101","Roebuck","Ed","R","R","WS2","P"
"749","rudod103","Rudolph","Don","L","L","WS2","P"
"750","sievr101","Sievers","Roy","R","R","WS2","1B"
"751","skowb101","Skowron","Bill","R","R","WS2","1B"
"752","stend101","Stenhouse","Dave","R","R","WS2","P"
"753","valef101","Valentine","Fred","B","R","WS2","OF"
"754","zimmd101","Zimmer","Don","R","R","WS2","3B"
